train,val
"{'net_loss': -0.36035358905792236, 'net_accuracy': 93.77573023255815, 'precision': 0.2085287568694334, 'recall': 0.044365219421768395}","{'net_loss': -0.1893930286169052, 'net_accuracy': 90.87398571428571, 'precision': 0.06395649031014423, 'recall': 0.015931373716567887}"
"{'net_loss': -0.5513682961463928, 'net_accuracy': 94.34657209302325, 'precision': 0.3664129910498955, 'recall': 0.028712934490546894}","{'net_loss': -0.26184719800949097, 'net_accuracy': 92.20898571428572, 'precision': 0.15928866201501565, 'recall': 0.009156586101538928}"
"{'net_loss': -0.526563823223114, 'net_accuracy': 94.41233488372093, 'precision': 0.43161358218795964, 'recall': 0.028591983107123447}","{'net_loss': -0.2398146241903305, 'net_accuracy': 92.27935714285714, 'precision': 0.17725517725517725, 'recall': 0.008179096002675235}"
