train,val
"{'net_loss': -0.9187015295028687, 'net_accuracy': 91.68777465820312, 'class_accuracy': [91.78451538085938, 45.882354736328125], 'precision': 0.01165812044425027, 'recall': 0.4588235294117647}","{'net_loss': -0.6396484971046448, 'net_accuracy': 64.58864212036133, 'class_accuracy': [64.26811218261719, 73.26533508300781], 'precision': 0.07041217194884447, 'recall': 0.732653389013813}"
"{'net_loss': -0.9576996564865112, 'net_accuracy': 95.49980163574219, 'class_accuracy': [95.64320373535156, 27.601810455322266], 'precision': 0.013204034806701589, 'recall': 0.27601809954751133}","{'net_loss': -0.7550361752510071, 'net_accuracy': 73.5574722290039, 'class_accuracy': [74.55805969238281, 46.47178649902344], 'precision': 0.06321140135598652, 'recall': 0.4647178498768605}"
"{'net_loss': -0.9778943061828613, 'net_accuracy': 97.44491577148438, 'class_accuracy': [97.6291275024414, 10.22624397277832], 'precision': 0.009027722297675162, 'recall': 0.10226244343891402}","{'net_loss': -0.9141396880149841, 'net_accuracy': 86.18879318237305, 'class_accuracy': [88.87621307373047, 13.440946578979492], 'precision': 0.04272936931416852, 'recall': 0.1344094656815505}"
"{'net_loss': -0.9910990595817566, 'net_accuracy': 98.7417221069336, 'class_accuracy': [98.94300079345703, 3.4389140605926514], 'precision': 0.006824712643678161, 'recall': 0.034389140271493215}","{'net_loss': -1.00480055809021, 'net_accuracy': 93.93301010131836, 'class_accuracy': [97.30394744873047, 2.682300090789795], 'precision': 0.03545020343180612, 'recall': 0.026823000321233536}"
"{'net_loss': -1.0016425848007202, 'net_accuracy': 99.78914260864258, 'class_accuracy': [99.99989318847656, 0.0], 'precision': 0.0, 'recall': 0.0}","{'net_loss': -1.0335506200790405, 'net_accuracy': 96.43688201904297, 'class_accuracy': [99.99930572509766, 0.002676946111023426], 'precision': 0.125, 'recall': 2.6769461398436663e-05}"
